id,_id,soc,start,temp
0,5a2919315ed9266b29eb3849,30.11,False,-6.7
1,5a2919315ed9266b29eb384a,96.83,True,-18.1
2,5a2919315ed9266b29eb384b,82.42,True,-14.5
3,5a2919315ed9266b29eb384c,86.33,True,2.7
4,5a2919315ed9266b29eb384d,93.47,True,-14.3
5,5a2919315ed9266b29eb384e,96.36,True,-5.8
6,5a2919315ed9266b29eb384f,17.63,False,-12.5
7,5a2919315ed9266b29eb3850,33.34,False,-16.4
8,5a2919315ed9266b29eb3851,50.74,False,-13.2
9,5a2919315ed9266b29eb3852,57.11,True,2.5
10,5a2919315ed9266b29eb3853,77.05,False,-13.8
11,5a2919315ed9266b29eb3854,61.07,False,-15.8
12,5a2919315ed9266b29eb3855,76.29,True,2.7
13,5a2919315ed9266b29eb3856,36.99,True,2.5
14,5a2919315ed9266b29eb3857,1.3,False,1.7
15,5a2919315ed9266b29eb3858,3.89,False,-6.6
16,5a2919315ed9266b29eb3859,60.77,False,-10.1
17,5a2919315ed9266b29eb385a,63.39,True,-4.5
18,5a2919315ed9266b29eb385b,71.96,True,-3.8
19,5a2919315ed9266b29eb385c,58.51,False,-3.0
20,5a2919315ed9266b29eb385d,25.31,False,-11.2
21,5a2919315ed9266b29eb385e,7.88,False,-4.8
22,5a2919315ed9266b29eb385f,52.34,False,-14.1
23,5a2919315ed9266b29eb3860,98.44,True,0.5
24,5a2919315ed9266b29eb3861,79.36,False,-13.7
25,5a2919315ed9266b29eb3862,43.42,False,-11.9
26,5a2919315ed9266b29eb3863,70.83,False,-12.1
27,5a2919315ed9266b29eb3864,23.62,False,-2.9
28,5a2919315ed9266b29eb3865,55.02,False,-1.7
29,5a2919315ed9266b29eb3866,94.33,True,3.9
30,5a2919315ed9266b29eb3867,52.32,False,-13.4
31,5a2919315ed9266b29eb3868,1.93,False,-19.2
32,5a2919315ed9266b29eb3869,19.16,False,4.3
33,5a2919315ed9266b29eb386a,2.53,False,-17.1
34,5a2919315ed9266b29eb386b,60.53,True,-2.4
35,5a2919315ed9266b29eb386c,27.69,False,1.5
36,5a2919315ed9266b29eb386d,18.39,False,1.3
37,5a2919315ed9266b29eb386e,41.73,False,-19.2
38,5a2919315ed9266b29eb386f,20.03,False,1.0
39,5a2919315ed9266b29eb3870,15.3,False,4.6
40,5a2919315ed9266b29eb3871,6.11,False,-7.8
41,5a2919315ed9266b29eb3872,84.0,True,-5.2
42,5a2919315ed9266b29eb3873,61.57,False,-6.0
43,5a2919315ed9266b29eb3874,96.82,True,-6.6
44,5a2919315ed9266b29eb3875,64.82,True,1.3
45,5a2919315ed9266b29eb3876,66.86,True,3.7
46,5a2919315ed9266b29eb3877,38.31,False,-9.9
47,5a2919315ed9266b29eb3878,31.17,True,2.0
48,5a2919315ed9266b29eb3879,25.83,False,2.3
49,5a2919315ed9266b29eb387a,63.48,False,-14.7
50,5a2919315ed9266b29eb387b,65.65,False,-5.8
51,5a2919315ed9266b29eb387c,77.03,False,-19.4
52,5a2919315ed9266b29eb387d,50.95,False,-13.1
53,5a2919315ed9266b29eb387e,76.63,False,-15.0
54,5a2919315ed9266b29eb387f,43.18,False,-1.6
55,5a2919315ed9266b29eb3880,63.56,False,-17.4
56,5a2919315ed9266b29eb3881,35.1,False,-14.1
57,5a2919315ed9266b29eb3882,63.25,False,-7.3
58,5a2919315ed9266b29eb3883,36.02,True,1.2
59,5a2919315ed9266b29eb3884,92.03,True,-13.5
60,5a2919315ed9266b29eb3885,58.49,False,-13.4
61,5a2919315ed9266b29eb3886,2.24,False,1.7
62,5a2919315ed9266b29eb3887,46.26,False,-15.5
63,5a2919315ed9266b29eb3888,22.49,False,-9.3
64,5a2919315ed9266b29eb3889,15.08,False,-8.2
65,5a2919315ed9266b29eb388a,77.8,False,-18.9
66,5a2919315ed9266b29eb388b,16.08,False,-10.7
67,5a2919315ed9266b29eb388c,20.62,False,-18.3
68,5a2919315ed9266b29eb388d,57.45,False,-4.7
69,5a2919315ed9266b29eb388e,69.71,False,-7.7
70,5a2919315ed9266b29eb388f,39.2,False,-10.3
71,5a2919315ed9266b29eb3890,51.66,False,-3.8
72,5a2919315ed9266b29eb3891,55.63,False,-10.9
73,5a2919315ed9266b29eb3892,13.05,False,-15.3
74,5a2919315ed9266b29eb3893,96.98,True,-13.8
75,5a2919315ed9266b29eb3894,90.59,True,-19.9
76,5a2919315ed9266b29eb3895,71.18,False,-7.3
77,5a2919315ed9266b29eb3896,5.74,False,-10.4
78,5a2919315ed9266b29eb3897,89.27,True,-0.7
79,5a2919315ed9266b29eb3898,15.84,False,-10.6
80,5a2919315ed9266b29eb3899,97.97,True,-16.0
81,5a2919315ed9266b29eb389a,7.47,False,-7.6
82,5a2919315ed9266b29eb389b,70.26,True,1.1
83,5a2919315ed9266b29eb389c,51.21,False,-9.0
84,5a2919315ed9266b29eb389d,62.65,True,1.0
85,5a2919315ed9266b29eb389e,6.1,False,-14.0
86,5a2919315ed9266b29eb389f,84.56,True,-16.2
87,5a2919315ed9266b29eb38a0,18.37,False,0.9
88,5a2919315ed9266b29eb38a1,63.13,True,1.8
89,5a2919315ed9266b29eb38a2,78.21,False,-7.2
90,5a2919315ed9266b29eb38a3,93.24,True,4.5
91,5a2919315ed9266b29eb38a4,91.91,True,-9.5
92,5a2919315ed9266b29eb38a5,11.66,False,4.7
93,5a2919315ed9266b29eb38a6,82.79,True,-6.9
94,5a2919315ed9266b29eb38a7,18.6,False,-17.6
95,5a2919315ed9266b29eb38a8,66.82,True,-2.5
96,5a2919315ed9266b29eb38a9,27.74,False,-8.0
97,5a2919315ed9266b29eb38aa,38.76,False,-18.4
98,5a2919315ed9266b29eb38ab,1.4,False,-17.1
99,5a2919315ed9266b29eb38ac,65.99,False,-17.1
100,5a2919315ed9266b29eb38ad,73.2,False,-8.7
101,5a2919315ed9266b29eb38ae,69.46,False,-6.5
102,5a2919315ed9266b29eb38af,71.58,False,-14.1
103,5a2919315ed9266b29eb38b0,92.51,True,3.9
104,5a2919315ed9266b29eb38b1,29.09,False,-12.8
105,5a2919315ed9266b29eb38b2,11.31,False,-5.5
106,5a2919315ed9266b29eb38b3,41.6,False,-14.9
107,5a2919315ed9266b29eb38b4,56.91,False,-16.3
108,5a2919315ed9266b29eb38b5,85.78,True,-0.2
109,5a2919315ed9266b29eb38b6,35.26,True,2.5
110,5a2919315ed9266b29eb38b7,34.04,False,-5.7
111,5a2919315ed9266b29eb38b8,94.76,True,-7.4
112,5a2919315ed9266b29eb38b9,63.43,False,-9.9
113,5a2919315ed9266b29eb38ba,55.56,False,-11.8
114,5a2919315ed9266b29eb38bb,10.29,False,-19.0
115,5a2919315ed9266b29eb38bc,47.05,False,-3.1
116,5a2919315ed9266b29eb38bd,77.77,False,-8.7
117,5a2919315ed9266b29eb38be,45.38,False,-2.7
118,5a2919315ed9266b29eb38bf,73.69,True,-1.4
119,5a2919315ed9266b29eb38c0,6.69,False,-16.2
120,5a2919315ed9266b29eb38c1,28.37,False,-17.6
121,5a2919315ed9266b29eb38c2,61.38,False,-13.7
122,5a2919315ed9266b29eb38c3,86.72,True,-8.0
123,5a2919315ed9266b29eb38c4,48.68,False,-10.2
124,5a2919315ed9266b29eb38c5,21.5,False,-14.8
125,5a2919315ed9266b29eb38c6,3.47,False,-7.6
126,5a2919315ed9266b29eb38c7,95.6,True,-18.4
127,5a2919315ed9266b29eb38c8,90.48,True,-17.2
128,5a2919315ed9266b29eb38c9,36.87,False,-3.3
129,5a2919315ed9266b29eb38ca,81.3,True,-15.9
130,5a2919315ed9266b29eb38cb,76.71,True,-4.5
131,5a2919315ed9266b29eb38cc,95.47,True,2.6
132,5a2919315ed9266b29eb38cd,82.43,True,-2.8
133,5a2919315ed9266b29eb38ce,15.82,False,-7.4
134,5a2919315ed9266b29eb38cf,65.63,False,-7.0
135,5a2919315ed9266b29eb38d0,29.96,False,-9.7
136,5a2919315ed9266b29eb38d1,62.83,False,-15.4
137,5a2919315ed9266b29eb38d2,34.45,True,1.5
138,5a2919315ed9266b29eb38d3,69.05,False,-6.4
139,5a2919315ed9266b29eb38d4,94.06,True,4.2
140,5a2919315ed9266b29eb38d5,63.84,True,-4.2
141,5a2919315ed9266b29eb38d6,71.7,False,-18.1
142,5a2919315ed9266b29eb38d7,64.69,True,1.6
143,5a2919315ed9266b29eb38d8,25.34,False,-18.2
144,5a2919315ed9266b29eb38d9,59.24,False,-11.3
145,5a2919315ed9266b29eb38da,50.36,False,-8.0
146,5a2919315ed9266b29eb38db,4.66,False,3.9
147,5a2919315ed9266b29eb38dc,88.18,True,-3.9
148,5a2919315ed9266b29eb38dd,12.83,False,-5.8
149,5a2919315ed9266b29eb38de,18.4,False,0.8
150,5a2919315ed9266b29eb38df,20.77,False,-12.4
151,5a2919315ed9266b29eb38e0,26.57,False,-7.5
152,5a2919315ed9266b29eb38e1,1.92,False,-1.0
153,5a2919315ed9266b29eb38e2,62.18,False,-11.5
154,5a2919315ed9266b29eb38e3,40.01,True,3.0
155,5a2919315ed9266b29eb38e4,38.73,False,-0.9
156,5a2919315ed9266b29eb38e5,9.08,False,1.3
157,5a2919315ed9266b29eb38e6,31.83,True,2.9
158,5a2919315ed9266b29eb38e7,54.95,True,3.2
159,5a2919315ed9266b29eb38e8,88.74,True,-3.0
160,5a2919315ed9266b29eb38e9,54.37,False,-1.0
161,5a2919315ed9266b29eb38ea,36.73,True,4.5
162,5a2919315ed9266b29eb38eb,50.17,False,-7.3
163,5a2919315ed9266b29eb38ec,6.36,False,-14.5
164,5a2919315ed9266b29eb38ed,18.9,False,-2.1
165,5a2919315ed9266b29eb38ee,17.85,False,-17.6
166,5a2919315ed9266b29eb38ef,45.95,False,-15.8
167,5a2919315ed9266b29eb38f0,43.62,False,-13.6
168,5a2919315ed9266b29eb38f1,85.63,True,-14.2
169,5a2919315ed9266b29eb38f2,89.02,True,-10.8
170,5a2919315ed9266b29eb38f3,37.81,True,1.7
171,5a2919315ed9266b29eb38f4,53.78,False,-2.6
172,5a2919315ed9266b29eb38f5,68.32,False,-19.1
173,5a2919315ed9266b29eb38f6,18.08,False,-18.6
174,5a2919315ed9266b29eb38f7,30.19,False,-11.4
175,5a2919315ed9266b29eb38f8,60.63,False,-11.7
176,5a2919325ed9266b29eb38f9,38.26,False,-13.8
177,5a2919325ed9266b29eb38fa,98.32,True,-16.5
178,5a2919325ed9266b29eb38fb,14.85,False,-0.7
179,5a2919325ed9266b29eb38fc,41.64,True,1.3
180,5a2919325ed9266b29eb38fd,17.11,False,3.9
181,5a2919325ed9266b29eb38fe,69.71,False,-19.6
182,5a2919325ed9266b29eb38ff,9.8,False,-10.0
183,5a2919325ed9266b29eb3900,98.99,True,-6.5
184,5a2919325ed9266b29eb3901,82.52,True,-5.9
185,5a2919325ed9266b29eb3902,48.48,True,3.1
186,5a2919325ed9266b29eb3903,51.88,False,-11.4
187,5a2919325ed9266b29eb3904,22.76,False,-11.5
188,5a2919325ed9266b29eb3905,46.21,False,-19.9
189,5a2919325ed9266b29eb3906,5.45,False,1.2
190,5a2919325ed9266b29eb3907,41.2,False,-6.9
191,5a2919325ed9266b29eb3908,73.66,False,-19.0
192,5a2919325ed9266b29eb3909,91.0,True,-5.9
193,5a2919325ed9266b29eb390a,67.86,False,-14.0
194,5a2919325ed9266b29eb390b,76.64,False,-5.7
195,5a2919325ed9266b29eb390c,77.49,True,4.9
196,5a2919325ed9266b29eb390d,4.41,False,-7.9
197,5a2919325ed9266b29eb390e,56.93,False,-15.6
198,5a2919325ed9266b29eb390f,13.78,False,-16.4
199,5a2919325ed9266b29eb3910,50.38,False,-3.9
200,5a2919325ed9266b29eb3911,81.18,True,-11.4
201,5a2919325ed9266b29eb3912,31.58,False,-3.3
202,5a2919325ed9266b29eb3913,2.52,False,0.9
203,5a2919325ed9266b29eb3914,13.16,False,-1.9
204,5a2919325ed9266b29eb3915,12.44,False,-14.7
205,5a2919325ed9266b29eb3916,77.48,False,-18.1
206,5a2919325ed9266b29eb3917,85.02,True,-1.6
207,5a2919325ed9266b29eb3918,71.62,False,-17.4
208,5a2919325ed9266b29eb3919,71.59,True,2.9
209,5a2919325ed9266b29eb391a,95.35,True,-10.3
210,5a2919325ed9266b29eb391b,10.48,False,1.9
211,5a2919325ed9266b29eb391c,12.89,False,-12.2
212,5a2919325ed9266b29eb391d,42.57,True,0.7
213,5a2919325ed9266b29eb391e,93.16,True,2.3
214,5a2919325ed9266b29eb391f,92.23,True,2.6
215,5a2919325ed9266b29eb3920,65.94,False,-14.3
216,5a2919325ed9266b29eb3921,19.74,False,-1.3
217,5a2919325ed9266b29eb3922,96.17,True,-4.4
218,5a2919325ed9266b29eb3923,13.97,False,-15.1
219,5a2919325ed9266b29eb3924,77.2,True,3.0
220,5a2919325ed9266b29eb3925,47.29,False,-12.2
221,5a2919325ed9266b29eb3926,75.36,False,-14.1
222,5a2919325ed9266b29eb3927,99.42,True,-10.4
223,5a2919325ed9266b29eb3928,62.53,True,3.3
224,5a2919325ed9266b29eb3929,24.26,False,2.4
225,5a2919325ed9266b29eb392a,87.25,True,-7.3
226,5a2919325ed9266b29eb392b,78.75,True,0.4
227,5a2919325ed9266b29eb392c,74.58,False,-5.6
228,5a2919325ed9266b29eb392d,61.82,False,-14.2
229,5a2919325ed9266b29eb392e,76.17,False,-11.0
230,5a2919325ed9266b29eb392f,94.14,True,-13.6
231,5a2919325ed9266b29eb3930,3.43,False,-2.8
232,5a2919325ed9266b29eb3931,34.58,False,-6.9
233,5a2919325ed9266b29eb3932,12.06,False,4.9
234,5a2919325ed9266b29eb3933,12.22,False,0.8
235,5a2919325ed9266b29eb3934,51.61,False,-0.1
236,5a2919325ed9266b29eb3935,8.87,False,4.5
237,5a2919325ed9266b29eb3936,6.16,False,-4.4
238,5a2919325ed9266b29eb3937,31.42,False,-14.8
239,5a2919325ed9266b29eb3938,65.38,False,-7.1
240,5a2919325ed9266b29eb3939,73.26,False,-11.6
241,5a2919325ed9266b29eb393a,93.74,True,-16.4
242,5a2919325ed9266b29eb393b,21.45,False,-9.4
243,5a2919325ed9266b29eb393c,49.47,True,1.5
244,5a2919325ed9266b29eb393d,26.36,False,-7.2
245,5a2919325ed9266b29eb393e,23.94,False,-8.3
246,5a2919325ed9266b29eb393f,16.14,False,0.9
247,5a2919325ed9266b29eb3940,70.51,True,-3.2
248,5a2919325ed9266b29eb3941,46.88,True,0.4
249,5a2919325ed9266b29eb3942,50.37,False,-10.6
250,5a2919325ed9266b29eb3943,23.18,False,4.3
251,5a2919325ed9266b29eb3944,54.01,False,-7.4
252,5a2919325ed9266b29eb3945,17.11,False,-4.9
253,5a2919325ed9266b29eb3946,85.87,True,-13.8
254,5a2919325ed9266b29eb3947,28.04,False,-12.5
255,5a2919325ed9266b29eb3948,58.34,False,-12.3
256,5a2919325ed9266b29eb3949,12.96,False,-14.0
257,5a2919325ed9266b29eb394a,84.06,True,0.2
258,5a2919325ed9266b29eb394b,40.25,False,-14.7
259,5a2919325ed9266b29eb394c,2.18,False,-0.4
260,5a2919325ed9266b29eb394d,29.38,False,-2.8
261,5a2919325ed9266b29eb394e,34.08,False,-9.3
262,5a2919325ed9266b29eb394f,18.44,False,-4.0
263,5a2919325ed9266b29eb3950,79.95,False,-18.9
264,5a2919325ed9266b29eb3951,45.83,False,-17.6
265,5a2919325ed9266b29eb3952,65.27,False,-11.1
266,5a2919325ed9266b29eb3953,46.83,False,-19.0
267,5a2919325ed9266b29eb3954,13.36,False,-2.4
268,5a2919325ed9266b29eb3955,73.29,False,-5.9
269,5a2919325ed9266b29eb3956,2.85,False,-6.8
270,5a2919325ed9266b29eb3957,49.99,False,-8.6
271,5a2919325ed9266b29eb3958,87.59,True,-9.7
272,5a2919325ed9266b29eb3959,10.56,False,-1.9
273,5a2919325ed9266b29eb395a,36.15,False,-17.4
274,5a2919325ed9266b29eb395b,37.69,False,-5.0
275,5a2919325ed9266b29eb395c,72.21,True,1.9
276,5a2919325ed9266b29eb395d,20.01,False,-12.3
277,5a2919325ed9266b29eb395e,4.35,False,-8.7
278,5a2919325ed9266b29eb395f,85.19,True,-4.7
279,5a2919325ed9266b29eb3960,38.65,False,-1.9
280,5a2919325ed9266b29eb3961,66.7,False,-10.9
281,5a2919325ed9266b29eb3962,24.6,False,-4.8
282,5a2919325ed9266b29eb3963,87.68,True,-2.5
283,5a2919325ed9266b29eb3964,61.53,True,-0.7
284,5a2919325ed9266b29eb3965,67.57,False,-17.3
285,5a2919325ed9266b29eb3966,53.89,False,-7.1
286,5a2919325ed9266b29eb3967,1.48,False,1.3
287,5a2919325ed9266b29eb3968,11.15,False,1.1
288,5a2919325ed9266b29eb3969,26.23,False,-14.6
289,5a2919325ed9266b29eb396a,47.5,True,3.2
290,5a2919325ed9266b29eb396b,25.23,False,-12.6
291,5a2919325ed9266b29eb396c,89.06,True,-17.6
292,5a2919325ed9266b29eb396d,27.63,False,-1.1
293,5a2919325ed9266b29eb396e,1.65,False,-2.7
294,5a2919325ed9266b29eb396f,99.19,True,-16.7
295,5a2919325ed9266b29eb3970,34.63,False,-7.4
296,5a2919325ed9266b29eb3971,33.67,False,-11.9
297,5a2919325ed9266b29eb3972,94.97,True,4.9
298,5a2919325ed9266b29eb3973,55.66,True,1.1
299,5a2919325ed9266b29eb3974,42.76,True,3.1
300,5a2919325ed9266b29eb3975,79.44,False,-14.4
301,5a2919325ed9266b29eb3976,9.42,False,1.3
302,5a2919325ed9266b29eb3977,2.71,False,-7.3
303,5a2919325ed9266b29eb3978,3.11,False,3.2
304,5a2919325ed9266b29eb3979,31.42,False,-18.9
305,5a2919325ed9266b29eb397a,51.63,True,1.2
306,5a2919325ed9266b29eb397b,32.0,False,-16.5
307,5a2919325ed9266b29eb397c,98.7,True,-12.4
308,5a2919325ed9266b29eb397d,20.66,False,-15.3
309,5a2919325ed9266b29eb397e,54.81,True,1.7
310,5a2919325ed9266b29eb397f,99.4,True,-13.7
311,5a2919325ed9266b29eb3980,58.74,False,-10.4
312,5a2919325ed9266b29eb3981,4.88,False,-18.3
313,5a2919325ed9266b29eb3982,10.94,False,3.2
314,5a2919325ed9266b29eb3983,13.59,False,-3.9
315,5a2919325ed9266b29eb3984,29.03,False,-2.0
316,5a2919325ed9266b29eb3985,64.92,True,2.3
317,5a2919325ed9266b29eb3986,74.47,False,-7.6
318,5a2919325ed9266b29eb3987,70.68,False,-11.6
319,5a2919325ed9266b29eb3988,59.78,False,-17.0
320,5a2919325ed9266b29eb3989,15.82,False,-4.0
321,5a2919325ed9266b29eb398a,61.48,False,-7.5
322,5a2919325ed9266b29eb398b,9.29,False,-0.3
323,5a2919325ed9266b29eb398c,48.24,False,-19.0
324,5a2919325ed9266b29eb398d,1.43,False,-5.2
325,5a2919325ed9266b29eb398e,29.63,False,-4.9
326,5a2919325ed9266b29eb398f,68.12,True,1.1
327,5a2919325ed9266b29eb3990,7.08,False,0.6
328,5a2919325ed9266b29eb3991,48.01,False,-17.2
329,5a2919325ed9266b29eb3992,31.09,False,-3.4
330,5a2919325ed9266b29eb3993,36.23,True,0.5
331,5a2919325ed9266b29eb3994,47.52,False,-8.9
332,5a2919325ed9266b29eb3995,80.66,True,-13.7
333,5a2919325ed9266b29eb3996,6.39,False,-19.4
334,5a2919325ed9266b29eb3997,7.04,False,-10.0
335,5a2919325ed9266b29eb3998,84.92,True,-5.9
336,5a2919325ed9266b29eb3999,49.13,False,-19.9
337,5a2919325ed9266b29eb399a,9.44,False,-12.0
338,5a2919325ed9266b29eb399b,49.56,True,0.1
339,5a2919325ed9266b29eb399c,87.57,True,-10.0
340,5a2919325ed9266b29eb399d,22.08,False,-10.2
341,5a2919325ed9266b29eb399e,91.15,True,-7.7
342,5a2919325ed9266b29eb399f,70.4,True,-3.7
343,5a2919325ed9266b29eb39a0,39.84,False,-9.4
344,5a2919325ed9266b29eb39a1,84.1,True,-9.3
345,5a2919325ed9266b29eb39a2,37.75,False,-18.0
346,5a2919325ed9266b29eb39a3,73.8,False,-10.6
347,5a2919325ed9266b29eb39a4,59.4,False,-18.2
348,5a2919325ed9266b29eb39a5,93.22,True,-17.3
349,5a2919325ed9266b29eb39a6,72.7,True,-3.8
350,5a2919325ed9266b29eb39a7,78.81,True,-3.5
351,5a2919325ed9266b29eb39a8,68.16,False,-13.6
352,5a2919325ed9266b29eb39a9,55.07,False,-15.8
353,5a2919325ed9266b29eb39aa,22.66,False,-13.2
354,5a2919325ed9266b29eb39ab,36.47,False,-7.4
355,5a2919325ed9266b29eb39ac,84.65,True,-6.2
356,5a2919325ed9266b29eb39ad,64.7,True,-1.0
357,5a2919325ed9266b29eb39ae,25.51,False,-4.9
358,5a2919325ed9266b29eb39af,15.03,False,4.0
359,5a2919325ed9266b29eb39b0,49.95,False,-19.8
360,5a2919325ed9266b29eb39b1,96.98,True,-18.7
361,5a2919325ed9266b29eb39b2,8.75,False,-3.0
362,5a2919325ed9266b29eb39b3,69.29,True,2.3
363,5a2919325ed9266b29eb39b4,89.32,True,-3.5
364,5a2919325ed9266b29eb39b5,76.55,True,1.8
365,5a2919325ed9266b29eb39b6,55.21,False,-16.3
366,5a2919325ed9266b29eb39b7,8.75,False,-2.3
367,5a2919325ed9266b29eb39b8,69.48,True,1.3
368,5a2919325ed9266b29eb39b9,76.99,False,-15.8
369,5a2919325ed9266b29eb39ba,46.31,False,-0.6
370,5a2919325ed9266b29eb39bb,57.37,False,-16.4
371,5a2919325ed9266b29eb39bc,93.76,True,1.6
372,5a2919325ed9266b29eb39bd,45.67,True,0.5
373,5a2919325ed9266b29eb39be,79.38,False,-8.0
374,5a2919325ed9266b29eb39bf,65.31,False,-10.1
375,5a2919325ed9266b29eb39c0,8.31,False,-12.8
376,5a2919325ed9266b29eb39c1,72.81,False,-11.1
377,5a2919325ed9266b29eb39c2,56.72,True,4.5
378,5a2919325ed9266b29eb39c3,42.28,False,-16.7
379,5a2919325ed9266b29eb39c4,73.64,False,-12.7
380,5a2919325ed9266b29eb39c5,73.0,False,-12.4
381,5a2919325ed9266b29eb39c6,16.79,False,-17.1
382,5a2919325ed9266b29eb39c7,29.31,False,-1.5
383,5a2919325ed9266b29eb39c8,82.44,True,-13.2
384,5a2919325ed9266b29eb39c9,64.39,False,-7.5
385,5a2919325ed9266b29eb39ca,92.91,True,-15.1
386,5a2919325ed9266b29eb39cb,58.22,False,-17.2
387,5a2919325ed9266b29eb39cc,10.25,False,-11.8
388,5a2919325ed9266b29eb39cd,90.03,True,-0.2
389,5a2919325ed9266b29eb39ce,17.89,False,-15.6
390,5a2919325ed9266b29eb39cf,70.76,False,-9.7
391,5a2919325ed9266b29eb39d0,70.82,False,-12.6
392,5a2919325ed9266b29eb39d1,77.37,True,3.4
393,5a2919325ed9266b29eb39d2,14.69,False,4.1
394,5a2919325ed9266b29eb39d3,39.65,False,-14.4
395,5a2919325ed9266b29eb39d4,43.92,False,-16.0
396,5a2919325ed9266b29eb39d5,36.62,False,-11.0
397,5a2919325ed9266b29eb39d6,58.76,False,-3.5
398,5a2919325ed9266b29eb39d7,90.62,True,-11.0
399,5a2919325ed9266b29eb39d8,39.05,True,3.5
400,5a2919325ed9266b29eb39d9,44.95,False,-19.0
401,5a2919325ed9266b29eb39da,74.4,True,1.9
402,5a2919325ed9266b29eb39db,75.38,True,3.5
403,5a2919325ed9266b29eb39dc,37.27,False,-15.7
404,5a2919325ed9266b29eb39dd,36.82,False,-14.0
405,5a2919325ed9266b29eb39de,79.19,False,-14.8
406,5a2919325ed9266b29eb39df,80.62,True,1.9
407,5a2919325ed9266b29eb39e0,88.57,True,-16.8
408,5a2919325ed9266b29eb39e1,88.17,True,5.0
409,5a2919325ed9266b29eb39e2,93.89,True,-4.5
410,5a2919325ed9266b29eb39e3,83.49,True,0.1
411,5a2919325ed9266b29eb39e4,73.97,False,-17.6
412,5a2919325ed9266b29eb39e5,36.13,True,3.4
413,5a2919325ed9266b29eb39e6,1.95,False,-18.2
414,5a2919325ed9266b29eb39e7,85.56,True,-10.0
415,5a2919325ed9266b29eb39e8,95.98,True,-17.6
416,5a2919325ed9266b29eb39e9,78.63,False,-13.3
417,5a2919325ed9266b29eb39ea,30.76,False,-19.3
418,5a2919325ed9266b29eb39eb,94.67,True,3.6
419,5a2919325ed9266b29eb39ec,39.7,False,-5.1
420,5a2919325ed9266b29eb39ed,82.27,True,-8.8
421,5a2919325ed9266b29eb39ee,83.2,True,-20.0
422,5a2919325ed9266b29eb39ef,30.5,True,3.3
423,5a2919325ed9266b29eb39f0,54.29,False,-16.6
424,5a2919325ed9266b29eb39f1,76.3,False,-10.6
425,5a2919325ed9266b29eb39f2,17.45,False,-18.3
426,5a2919325ed9266b29eb39f3,90.8,True,-3.1
427,5a2919325ed9266b29eb39f4,80.06,True,-14.5
428,5a2919325ed9266b29eb39f5,39.03,True,2.9
429,5a2919325ed9266b29eb39f6,47.02,False,-19.2
430,5a2919325ed9266b29eb39f7,71.45,False,-5.5
431,5a2919325ed9266b29eb39f8,84.46,True,-2.6
432,5a2919325ed9266b29eb39f9,17.78,False,-7.2
433,5a2919325ed9266b29eb39fa,52.12,True,2.3
434,5a2919325ed9266b29eb39fb,41.86,True,2.0
435,5a2919325ed9266b29eb39fc,85.69,True,-1.6
436,5a2919325ed9266b29eb39fd,37.85,True,3.2
437,5a2919325ed9266b29eb39fe,64.22,True,1.3
438,5a2919325ed9266b29eb39ff,25.86,False,4.8
439,5a2919325ed9266b29eb3a00,31.61,False,-6.9
440,5a2919325ed9266b29eb3a01,83.16,True,-8.9
441,5a2919325ed9266b29eb3a02,47.45,False,-8.8
442,5a2919325ed9266b29eb3a03,51.85,False,-14.3
443,5a2919325ed9266b29eb3a04,45.87,False,-9.1
444,5a2919325ed9266b29eb3a05,63.56,True,1.6
445,5a2919325ed9266b29eb3a06,49.28,False,-17.8
446,5a2919325ed9266b29eb3a07,60.94,False,-19.2
447,5a2919325ed9266b29eb3a08,5.54,False,-15.5
448,5a2919325ed9266b29eb3a09,59.09,False,-12.4
449,5a2919325ed9266b29eb3a0a,94.71,True,-3.0
450,5a2919325ed9266b29eb3a0b,73.59,False,-9.9
451,5a2919325ed9266b29eb3a0c,13.66,False,-14.6
452,5a2919325ed9266b29eb3a0d,14.15,False,3.8
453,5a2919325ed9266b29eb3a0e,66.39,False,-8.4
454,5a2919325ed9266b29eb3a0f,9.22,False,-7.2
455,5a2919325ed9266b29eb3a10,29.56,False,-17.7
456,5a2919325ed9266b29eb3a11,15.48,False,2.2
457,5a2919325ed9266b29eb3a12,91.37,True,-15.6
458,5a2919325ed9266b29eb3a13,74.71,False,-7.6
459,5a2919325ed9266b29eb3a14,77.29,False,-18.1
460,5a2919325ed9266b29eb3a15,74.83,True,4.1
461,5a2919325ed9266b29eb3a16,78.36,True,3.1
462,5a2919325ed9266b29eb3a17,24.59,False,-14.7
463,5a2919325ed9266b29eb3a18,67.83,True,-4.9
464,5a2919325ed9266b29eb3a19,79.65,False,-17.7
465,5a2919325ed9266b29eb3a1a,73.56,False,-10.3
466,5a2919325ed9266b29eb3a1b,55.69,False,-10.8
467,5a2919325ed9266b29eb3a1c,45.33,False,-17.4
468,5a2919325ed9266b29eb3a1d,82.85,True,-7.6
469,5a2919325ed9266b29eb3a1e,94.41,True,-9.8
470,5a2919325ed9266b29eb3a1f,12.2,False,-11.6
471,5a2919325ed9266b29eb3a20,56.66,True,4.5
472,5a2919325ed9266b29eb3a21,94.36,True,4.3
473,5a2919325ed9266b29eb3a22,2.82,False,-18.8
474,5a2919325ed9266b29eb3a23,2.12,False,-15.3
475,5a2919325ed9266b29eb3a24,21.23,False,1.7
476,5a2919325ed9266b29eb3a25,62.41,True,3.2
477,5a2919325ed9266b29eb3a26,31.21,True,1.8
478,5a2919325ed9266b29eb3a27,17.02,False,-12.7
479,5a2919325ed9266b29eb3a28,98.07,True,-9.5
480,5a2919325ed9266b29eb3a29,26.81,False,-14.1
481,5a2919325ed9266b29eb3a2a,17.8,False,-5.7
482,5a2919325ed9266b29eb3a2b,72.32,False,-19.1
483,5a2919325ed9266b29eb3a2c,87.02,True,-15.3
484,5a2919325ed9266b29eb3a2d,98.34,True,-15.1
485,5a2919325ed9266b29eb3a2e,89.01,True,-19.8
486,5a2919325ed9266b29eb3a2f,72.81,False,-18.6
487,5a2919325ed9266b29eb3a30,93.04,True,-14.8
488,5a2919325ed9266b29eb3a31,52.18,False,-1.4
489,5a2919325ed9266b29eb3a32,97.1,True,-0.2
490,5a2919325ed9266b29eb3a33,74.92,True,-0.1
491,5a2919325ed9266b29eb3a34,13.96,False,-10.9
492,5a2919325ed9266b29eb3a35,57.54,True,4.8
493,5a2919325ed9266b29eb3a36,72.96,True,4.5
494,5a2919325ed9266b29eb3a37,49.19,False,-19.3
495,5a2919325ed9266b29eb3a38,37.74,True,3.0
496,5a2919325ed9266b29eb3a39,89.72,True,-1.2
497,5a2919325ed9266b29eb3a3a,94.58,True,-13.8
498,5a2919325ed9266b29eb3a3b,28.53,False,-18.1
499,5a2919325ed9266b29eb3a3c,79.91,False,-7.1
500,5a2919325ed9266b29eb3a3d,6.07,False,-3.5
501,5a2919325ed9266b29eb3a3e,3.42,False,-13.7
502,5a2919325ed9266b29eb3a3f,11.22,False,-11.7
503,5a2919325ed9266b29eb3a40,61.73,False,-17.4
504,5a2919325ed9266b29eb3a41,66.68,False,-8.3
505,5a2919325ed9266b29eb3a42,90.12,True,-10.0
506,5a2919325ed9266b29eb3a43,62.57,True,-0.3
507,5a2919325ed9266b29eb3a44,13.68,False,-18.6
508,5a2919325ed9266b29eb3a45,67.14,True,-1.8
509,5a2919325ed9266b29eb3a46,23.14,False,-19.4
510,5a2919325ed9266b29eb3a47,13.03,False,-10.9
511,5a2919325ed9266b29eb3a48,56.45,False,-18.0
512,5a2919325ed9266b29eb3a49,7.51,False,0.1
513,5a2919325ed9266b29eb3a4a,37.19,True,4.4
514,5a2919325ed9266b29eb3a4b,59.84,False,-14.9
515,5a2919325ed9266b29eb3a4c,22.37,False,3.4
516,5a2919325ed9266b29eb3a4d,20.29,False,-14.1
517,5a2919325ed9266b29eb3a4e,69.1,False,-6.7
518,5a2919325ed9266b29eb3a4f,79.47,False,-14.6
519,5a2919325ed9266b29eb3a50,4.14,False,-19.3
520,5a2919325ed9266b29eb3a51,12.06,False,-6.9
521,5a2919325ed9266b29eb3a52,19.94,False,-2.0
522,5a2919325ed9266b29eb3a53,86.2,True,-5.0
523,5a2919325ed9266b29eb3a54,43.29,False,-19.7
524,5a2919325ed9266b29eb3a55,4.01,False,-19.9
525,5a2919325ed9266b29eb3a56,7.01,False,-8.9
526,5a2919325ed9266b29eb3a57,56.4,False,-16.6
527,5a2919325ed9266b29eb3a58,34.11,False,-14.8
528,5a2919325ed9266b29eb3a59,56.63,True,0.1
529,5a2919325ed9266b29eb3a5a,25.77,False,-6.4
530,5a2919325ed9266b29eb3a5b,62.66,True,2.1
531,5a2919325ed9266b29eb3a5c,88.93,True,-2.1
532,5a2919325ed9266b29eb3a5d,34.92,False,-19.0
533,5a2919325ed9266b29eb3a5e,17.5,False,-6.0
534,5a2919325ed9266b29eb3a5f,99.43,True,-17.6
535,5a2919325ed9266b29eb3a60,73.68,True,-1.1
536,5a2919325ed9266b29eb3a61,51.79,False,-15.7
537,5a2919325ed9266b29eb3a62,1.57,False,-10.2
538,5a2919325ed9266b29eb3a63,60.39,True,-3.4
539,5a2919325ed9266b29eb3a64,94.69,True,4.6
540,5a2919325ed9266b29eb3a65,3.72,False,-11.4
541,5a2919325ed9266b29eb3a66,17.38,False,-18.3
542,5a2919325ed9266b29eb3a67,3.98,False,-15.4
543,5a2919325ed9266b29eb3a68,85.47,True,-15.3
544,5a2919325ed9266b29eb3a69,80.17,True,-9.2
545,5a2919325ed9266b29eb3a6a,50.35,True,3.0
546,5a2919325ed9266b29eb3a6b,48.13,False,-7.8
547,5a2919325ed9266b29eb3a6c,22.36,False,-17.4
548,5a2919325ed9266b29eb3a6d,34.07,False,-13.4
549,5a2919325ed9266b29eb3a6e,82.8,True,-4.8
550,5a2919325ed9266b29eb3a6f,61.42,True,-1.6
551,5a2919325ed9266b29eb3a70,78.2,False,-19.3
552,5a2919325ed9266b29eb3a71,57.42,True,0.8
553,5a2919325ed9266b29eb3a72,78.12,True,4.9
554,5a2919325ed9266b29eb3a73,91.14,True,-1.6
555,5a2919325ed9266b29eb3a74,14.01,False,-1.3
556,5a2919325ed9266b29eb3a75,32.37,False,-13.9
557,5a2919325ed9266b29eb3a76,45.19,False,-3.6
558,5a2919325ed9266b29eb3a77,16.33,False,-3.2
559,5a2919325ed9266b29eb3a78,15.6,False,-19.9
560,5a2919325ed9266b29eb3a79,65.23,True,-0.7
561,5a2919325ed9266b29eb3a7a,38.68,False,-1.7
562,5a2919325ed9266b29eb3a7b,3.76,False,-12.8
563,5a2919325ed9266b29eb3a7c,25.98,False,0.9
564,5a2919325ed9266b29eb3a7d,85.1,True,-16.4
565,5a2919325ed9266b29eb3a7e,92.05,True,-8.3
566,5a2919325ed9266b29eb3a7f,61.98,False,-7.4
567,5a2919325ed9266b29eb3a80,27.81,False,-3.3
568,5a2919325ed9266b29eb3a81,41.12,False,-8.0
569,5a2919325ed9266b29eb3a82,99.48,True,-14.1
570,5a2919325ed9266b29eb3a83,30.22,False,-9.1
571,5a2919325ed9266b29eb3a84,57.68,False,-2.9
572,5a2919325ed9266b29eb3a85,94.38,True,-14.0
573,5a2919325ed9266b29eb3a86,12.19,False,-8.0
574,5a2919325ed9266b29eb3a87,30.15,False,-19.7
575,5a2919325ed9266b29eb3a88,6.61,False,-18.6
576,5a2919325ed9266b29eb3a89,64.35,True,-5.0
577,5a2919325ed9266b29eb3a8a,83.31,True,-2.3
578,5a2919325ed9266b29eb3a8b,88.03,True,3.3
579,5a2919325ed9266b29eb3a8c,81.87,True,-8.9
580,5a2919325ed9266b29eb3a8d,4.85,False,-11.2
581,5a2919325ed9266b29eb3a8e,19.54,False,-19.6
582,5a2919325ed9266b29eb3a8f,61.24,False,-5.7
583,5a2919325ed9266b29eb3a90,15.44,False,-7.0
584,5a2919325ed9266b29eb3a91,86.35,True,-14.5
585,5a2919325ed9266b29eb3a92,72.28,True,0.8
586,5a2919325ed9266b29eb3a93,19.8,False,-17.7
587,5a2919325ed9266b29eb3a94,78.63,False,-12.0
588,5a2919325ed9266b29eb3a95,7.56,False,-3.5
589,5a2919325ed9266b29eb3a96,54.62,False,-8.7
590,5a2919325ed9266b29eb3a97,13.23,False,-15.0
591,5a2919325ed9266b29eb3a98,55.67,True,2.7
592,5a2919325ed9266b29eb3a99,53.87,True,3.7
593,5a2919325ed9266b29eb3a9a,18.71,False,-13.1
594,5a2919325ed9266b29eb3a9b,86.62,True,0.5
595,5a2919325ed9266b29eb3a9c,81.39,True,3.2
596,5a2919325ed9266b29eb3a9d,18.37,False,-0.2
597,5a2919325ed9266b29eb3a9e,76.82,False,-7.5
598,5a2919325ed9266b29eb3a9f,70.25,False,-7.7
599,5a2919325ed9266b29eb3aa0,95.97,True,-13.2
600,5a2919325ed9266b29eb3aa1,11.1,False,-4.3
601,5a2919325ed9266b29eb3aa2,50.88,False,-8.6
602,5a2919325ed9266b29eb3aa3,93.13,True,-13.6
603,5a2919325ed9266b29eb3aa4,50.78,False,-16.8
604,5a2919325ed9266b29eb3aa5,64.76,True,0.4
605,5a2919325ed9266b29eb3aa6,68.04,False,-14.5
606,5a2919325ed9266b29eb3aa7,78.03,False,-18.7
607,5a2919325ed9266b29eb3aa8,81.68,True,1.9
608,5a2919325ed9266b29eb3aa9,70.45,False,-18.6
609,5a2919325ed9266b29eb3aaa,96.5,True,2.2
610,5a2919325ed9266b29eb3aab,90.3,True,-3.1
611,5a2919325ed9266b29eb3aac,38.81,False,-18.1
612,5a2919325ed9266b29eb3aad,27.47,False,-5.6
613,5a2919325ed9266b29eb3aae,53.85,False,-13.8
614,5a2919325ed9266b29eb3aaf,82.91,True,-3.7
615,5a2919325ed9266b29eb3ab0,49.83,False,-13.3
616,5a2919325ed9266b29eb3ab1,60.32,False,-5.2
617,5a2919325ed9266b29eb3ab2,97.1,True,-11.9
618,5a2919325ed9266b29eb3ab3,71.02,False,-11.2
619,5a2919325ed9266b29eb3ab4,57.22,True,1.4
620,5a2919325ed9266b29eb3ab5,81.18,True,4.5
621,5a2919325ed9266b29eb3ab6,10.31,False,-7.5
622,5a2919325ed9266b29eb3ab7,77.48,True,-3.1
623,5a2919325ed9266b29eb3ab8,41.96,False,-14.4
624,5a2919325ed9266b29eb3ab9,81.11,True,-7.7
625,5a2919325ed9266b29eb3aba,3.5,False,0.8
626,5a2919325ed9266b29eb3abb,90.23,True,-6.6
627,5a2919325ed9266b29eb3abc,69.91,False,-18.4
628,5a2919325ed9266b29eb3abd,82.32,True,-1.6
629,5a2919325ed9266b29eb3abe,50.81,True,2.9
630,5a2919325ed9266b29eb3abf,41.35,False,-5.0
631,5a2919325ed9266b29eb3ac0,27.29,False,-9.9
632,5a2919325ed9266b29eb3ac1,74.25,True,1.0
633,5a2919325ed9266b29eb3ac2,65.78,True,-0.3
634,5a2919325ed9266b29eb3ac3,2.97,False,-18.5
635,5a2919325ed9266b29eb3ac4,78.68,False,-14.3
636,5a2919325ed9266b29eb3ac5,56.34,False,-19.4
637,5a2919325ed9266b29eb3ac6,10.74,False,-7.4
638,5a2919325ed9266b29eb3ac7,37.14,False,-17.9
639,5a2919325ed9266b29eb3ac8,81.55,True,-7.8
640,5a2919325ed9266b29eb3ac9,16.93,False,-0.7
641,5a2919325ed9266b29eb3aca,6.84,False,-6.7
642,5a2919325ed9266b29eb3acb,91.09,True,-16.4
643,5a2919325ed9266b29eb3acc,75.28,True,2.8
644,5a2919325ed9266b29eb3acd,43.86,False,-15.2
645,5a2919325ed9266b29eb3ace,10.08,False,-5.9
646,5a2919325ed9266b29eb3acf,98.82,True,-19.8
647,5a2919325ed9266b29eb3ad0,29.75,False,-16.4
648,5a2919325ed9266b29eb3ad1,52.0,False,-12.6
649,5a2919325ed9266b29eb3ad2,65.88,False,-7.7
650,5a2919325ed9266b29eb3ad3,18.96,False,1.4
651,5a2919325ed9266b29eb3ad4,3.3,False,-1.1
652,5a2919325ed9266b29eb3ad5,12.09,False,-10.6
653,5a2919325ed9266b29eb3ad6,2.03,False,-2.6
654,5a2919325ed9266b29eb3ad7,79.15,False,-8.3
655,5a2919325ed9266b29eb3ad8,48.91,True,4.6
656,5a2919325ed9266b29eb3ad9,14.33,False,-15.7
657,5a2919325ed9266b29eb3ada,18.14,False,-8.2
658,5a2919325ed9266b29eb3adb,15.44,False,0.9
659,5a2919325ed9266b29eb3adc,61.7,True,-1.5
660,5a2919325ed9266b29eb3add,88.96,True,1.7
661,5a2919325ed9266b29eb3ade,94.49,True,-18.7
662,5a2919325ed9266b29eb3adf,89.41,True,-5.8
663,5a2919325ed9266b29eb3ae0,78.29,False,-19.6
664,5a2919325ed9266b29eb3ae1,6.19,False,-12.9
665,5a2919325ed9266b29eb3ae2,38.57,True,2.4
666,5a2919325ed9266b29eb3ae3,16.18,False,-2.1
667,5a2919325ed9266b29eb3ae4,87.91,True,-18.1
668,5a2919325ed9266b29eb3ae5,55.3,False,-18.0
669,5a2919325ed9266b29eb3ae6,87.63,True,-8.4
670,5a2919325ed9266b29eb3ae7,45.98,True,1.1
671,5a2919325ed9266b29eb3ae8,39.12,False,-13.7
672,5a2919325ed9266b29eb3ae9,85.99,True,-8.4
673,5a2919325ed9266b29eb3aea,25.52,False,-15.6
674,5a2919325ed9266b29eb3aeb,87.58,True,3.6
675,5a2919325ed9266b29eb3aec,10.67,False,2.5
676,5a2919325ed9266b29eb3aed,25.4,False,-9.1
677,5a2919325ed9266b29eb3aee,87.83,True,2.3
678,5a2919325ed9266b29eb3aef,47.17,False,-18.8
679,5a2919325ed9266b29eb3af0,61.52,False,-13.1
680,5a2919325ed9266b29eb3af1,27.6,False,-17.0
681,5a2919325ed9266b29eb3af2,28.44,False,-13.2
682,5a2919325ed9266b29eb3af3,71.64,True,-1.0
683,5a2919325ed9266b29eb3af4,58.24,True,1.7
684,5a2919325ed9266b29eb3af5,83.33,True,-0.2
685,5a2919325ed9266b29eb3af6,54.77,False,-14.3
686,5a2919325ed9266b29eb3af7,5.89,False,1.7
687,5a2919325ed9266b29eb3af8,61.54,False,-14.8
688,5a2919325ed9266b29eb3af9,61.6,False,-7.8
689,5a2919325ed9266b29eb3afa,39.43,False,-12.0
690,5a2919325ed9266b29eb3afb,86.13,True,0.6
691,5a2919325ed9266b29eb3afc,48.05,False,-10.8
692,5a2919325ed9266b29eb3afd,41.12,False,-15.0
693,5a2919325ed9266b29eb3afe,98.16,True,-9.8
694,5a2919325ed9266b29eb3aff,30.89,False,-4.3
695,5a2919325ed9266b29eb3b00,68.57,False,-12.7
696,5a2919325ed9266b29eb3b01,36.44,False,-8.9
697,5a2919325ed9266b29eb3b02,37.37,False,-10.0
698,5a2919325ed9266b29eb3b03,82.92,True,-8.3
699,5a2919325ed9266b29eb3b04,66.59,False,-8.1
700,5a2919325ed9266b29eb3b05,91.77,True,-1.1
701,5a2919325ed9266b29eb3b06,72.58,False,-16.2
702,5a2919325ed9266b29eb3b07,79.67,False,-12.7
703,5a2919325ed9266b29eb3b08,98.51,True,-18.0
704,5a2919325ed9266b29eb3b09,59.81,True,2.3
705,5a2919325ed9266b29eb3b0a,33.99,False,-1.6
706,5a2919325ed9266b29eb3b0b,84.46,True,-15.3
707,5a2919325ed9266b29eb3b0c,38.15,False,-7.3
708,5a2919325ed9266b29eb3b0d,95.91,True,-9.1
709,5a2919325ed9266b29eb3b0e,42.75,False,-4.7
710,5a2919325ed9266b29eb3b0f,81.6,True,-11.8
711,5a2919325ed9266b29eb3b10,94.13,True,-18.8
712,5a2919325ed9266b29eb3b11,21.6,False,-10.9
713,5a2919325ed9266b29eb3b12,49.05,False,-8.9
714,5a2919325ed9266b29eb3b13,68.85,True,2.7
715,5a2919325ed9266b29eb3b14,72.98,True,-3.5
716,5a2919325ed9266b29eb3b15,83.88,True,-5.9
717,5a2919325ed9266b29eb3b16,23.95,False,-1.4
718,5a2919325ed9266b29eb3b17,23.81,False,-5.8
719,5a2919325ed9266b29eb3b18,79.63,False,-19.3
720,5a2919325ed9266b29eb3b19,10.05,False,-11.7
721,5a2919325ed9266b29eb3b1a,64.45,True,-1.4
722,5a2919325ed9266b29eb3b1b,57.98,False,-14.7
723,5a2919325ed9266b29eb3b1c,1.81,False,-11.6
724,5a2919325ed9266b29eb3b1d,19.27,False,-18.7
725,5a2919325ed9266b29eb3b1e,30.88,False,-1.7
726,5a2919325ed9266b29eb3b1f,90.61,True,-10.2
727,5a2919325ed9266b29eb3b20,81.45,True,-11.3
728,5a2919325ed9266b29eb3b21,11.4,False,1.2
729,5a2919325ed9266b29eb3b22,80.33,True,-18.7
730,5a2919325ed9266b29eb3b23,8.27,False,-2.1
731,5a2919325ed9266b29eb3b24,24.05,False,1.7
732,5a2919325ed9266b29eb3b25,43.47,False,-5.9
733,5a2919325ed9266b29eb3b26,4.24,False,-4.1
734,5a2919325ed9266b29eb3b27,62.8,True,-0.8
735,5a2919325ed9266b29eb3b28,13.44,False,-2.2
736,5a2919325ed9266b29eb3b29,69.5,True,-2.3
737,5a2919325ed9266b29eb3b2a,8.85,False,-3.2
738,5a2919325ed9266b29eb3b2b,89.49,True,-13.8
739,5a2919325ed9266b29eb3b2c,53.35,False,-18.2
740,5a2919325ed9266b29eb3b2d,87.71,True,-15.8
741,5a2919325ed9266b29eb3b2e,92.72,True,-16.0
742,5a2919325ed9266b29eb3b2f,41.56,False,-5.6
743,5a2919325ed9266b29eb3b30,60.58,False,-8.5
744,5a2919325ed9266b29eb3b31,33.69,False,-19.0
745,5a2919325ed9266b29eb3b32,13.92,False,-9.3
746,5a2919325ed9266b29eb3b33,94.96,True,1.6
747,5a2919325ed9266b29eb3b34,94.4,True,-11.5
748,5a2919325ed9266b29eb3b35,35.75,False,-17.5
749,5a2919325ed9266b29eb3b36,51.38,False,-6.4
750,5a2919325ed9266b29eb3b37,9.97,False,-2.2
751,5a2919325ed9266b29eb3b38,62.49,False,-13.5
752,5a2919325ed9266b29eb3b39,60.7,False,-8.2
753,5a2919325ed9266b29eb3b3a,8.47,False,-17.7
754,5a2919325ed9266b29eb3b3b,74.87,True,4.7
755,5a2919325ed9266b29eb3b3c,62.16,False,-16.0
756,5a2919325ed9266b29eb3b3d,59.34,False,-7.1
757,5a2919325ed9266b29eb3b3e,92.6,True,-19.6
758,5a2919325ed9266b29eb3b3f,66.01,False,-19.1
759,5a2919325ed9266b29eb3b40,32.12,False,-1.5
760,5a2919325ed9266b29eb3b41,36.98,False,-12.3
761,5a2919325ed9266b29eb3b42,59.61,False,-16.9
762,5a2919325ed9266b29eb3b43,79.78,False,-13.0
763,5a2919325ed9266b29eb3b44,18.54,False,-1.3
764,5a2919325ed9266b29eb3b45,70.01,True,4.9
765,5a2919325ed9266b29eb3b46,2.4,False,-10.8
766,5a2919325ed9266b29eb3b47,14.1,False,-3.2
767,5a2919325ed9266b29eb3b48,33.05,False,-5.8
768,5a2919325ed9266b29eb3b49,25.95,False,-12.6
769,5a2919325ed9266b29eb3b4a,24.71,False,-0.7
770,5a2919325ed9266b29eb3b4b,32.06,True,2.1
771,5a2919325ed9266b29eb3b4c,33.55,False,-12.1
772,5a2919325ed9266b29eb3b4d,91.38,True,-10.0
773,5a2919325ed9266b29eb3b4e,4.84,False,-6.7
774,5a2919325ed9266b29eb3b4f,29.07,False,-13.3
775,5a2919325ed9266b29eb3b50,64.84,False,-8.8
776,5a2919325ed9266b29eb3b51,58.31,True,2.0
777,5a2919325ed9266b29eb3b52,49.76,True,0.9
778,5a2919325ed9266b29eb3b53,80.87,True,-10.5
779,5a2919325ed9266b29eb3b54,2.33,False,1.2
780,5a2919325ed9266b29eb3b55,68.0,False,-12.9
781,5a2919325ed9266b29eb3b56,70.91,True,0.9
782,5a2919325ed9266b29eb3b57,61.22,False,-16.8
783,5a2919325ed9266b29eb3b58,65.12,False,-8.7
784,5a2919325ed9266b29eb3b59,52.19,False,-19.7
785,5a2919325ed9266b29eb3b5a,15.79,False,-15.6
786,5a2919325ed9266b29eb3b5b,1.46,False,-3.3
787,5a2919325ed9266b29eb3b5c,49.82,False,-11.6
788,5a2919325ed9266b29eb3b5d,55.81,False,-11.7
789,5a2919325ed9266b29eb3b5e,90.6,True,-5.3
790,5a2919325ed9266b29eb3b5f,74.83,True,2.9
791,5a2919325ed9266b29eb3b60,86.21,True,1.5
792,5a2919325ed9266b29eb3b61,89.0,True,-18.4
793,5a2919325ed9266b29eb3b62,70.07,True,1.5
794,5a2919325ed9266b29eb3b63,91.71,True,-13.8
795,5a2919325ed9266b29eb3b64,53.75,False,-14.2
796,5a2919325ed9266b29eb3b65,29.55,False,-11.6
797,5a2919325ed9266b29eb3b66,58.23,True,0.2
798,5a2919325ed9266b29eb3b67,2.06,False,-8.4
799,5a2919325ed9266b29eb3b68,54.85,False,-6.8
800,5a2919325ed9266b29eb3b69,50.72,True,1.5
801,5a2919325ed9266b29eb3b6a,92.15,True,-13.3
802,5a2919325ed9266b29eb3b6b,39.76,True,3.0
803,5a2919325ed9266b29eb3b6c,52.02,False,-1.5
804,5a2919325ed9266b29eb3b6d,69.26,True,4.6
805,5a2919325ed9266b29eb3b6e,37.28,False,-13.5
806,5a2919325ed9266b29eb3b6f,42.51,False,-4.6
807,5a2919325ed9266b29eb3b70,62.36,False,-15.8
808,5a2919325ed9266b29eb3b71,91.51,True,-5.0
809,5a2919325ed9266b29eb3b72,6.07,False,1.7
810,5a2919325ed9266b29eb3b73,98.1,True,0.0
811,5a2919325ed9266b29eb3b74,50.04,False,-19.8
812,5a2919325ed9266b29eb3b75,12.12,False,-9.0
813,5a2919325ed9266b29eb3b76,6.17,False,-8.8
814,5a2919325ed9266b29eb3b77,64.6,True,3.2
815,5a2919325ed9266b29eb3b78,85.04,True,-16.9
816,5a2919325ed9266b29eb3b79,13.62,False,0.7
817,5a2919325ed9266b29eb3b7a,84.23,True,-1.5
818,5a2919325ed9266b29eb3b7b,49.44,True,3.5
819,5a2919325ed9266b29eb3b7c,66.36,False,-5.8
820,5a2919325ed9266b29eb3b7d,62.28,False,-12.0
821,5a2919325ed9266b29eb3b7e,57.7,False,-7.4
822,5a2919325ed9266b29eb3b7f,70.68,True,3.8
823,5a2919325ed9266b29eb3b80,92.14,True,-16.1
824,5a2919325ed9266b29eb3b81,26.53,False,2.9
825,5a2919325ed9266b29eb3b82,58.58,False,-1.7
826,5a2919325ed9266b29eb3b83,56.49,False,-15.0
827,5a2919325ed9266b29eb3b84,62.84,True,0.1
828,5a2919325ed9266b29eb3b85,51.73,False,-6.8
829,5a2919325ed9266b29eb3b86,42.06,False,-4.7
830,5a2919325ed9266b29eb3b87,74.46,False,-13.3
831,5a2919325ed9266b29eb3b88,15.31,False,-4.3
832,5a2919325ed9266b29eb3b89,39.24,False,-8.0
833,5a2919325ed9266b29eb3b8a,33.43,False,-8.1
834,5a2919325ed9266b29eb3b8b,32.25,False,-12.3
835,5a2919325ed9266b29eb3b8c,46.1,False,-7.6
836,5a2919325ed9266b29eb3b8d,25.6,False,-5.2
837,5a2919325ed9266b29eb3b8e,63.04,True,2.1
838,5a2919325ed9266b29eb3b8f,86.86,True,3.8
839,5a2919325ed9266b29eb3b90,43.12,False,-5.6
840,5a2919325ed9266b29eb3b91,34.04,False,-4.1
841,5a2919325ed9266b29eb3b92,33.35,False,-15.1
842,5a2919325ed9266b29eb3b93,1.69,False,-0.4
843,5a2919325ed9266b29eb3b94,6.92,False,0.9
844,5a2919325ed9266b29eb3b95,77.75,False,-7.1
845,5a2919325ed9266b29eb3b96,23.04,False,0.8
846,5a2919325ed9266b29eb3b97,98.99,True,-1.8
847,5a2919325ed9266b29eb3b98,24.97,False,-13.5
848,5a2919325ed9266b29eb3b99,53.63,False,-1.9
849,5a2919325ed9266b29eb3b9a,91.02,True,-11.7
850,5a2919325ed9266b29eb3b9b,47.2,False,-17.7
851,5a2919325ed9266b29eb3b9c,79.77,True,-0.3
852,5a2919325ed9266b29eb3b9d,46.44,True,0.9
853,5a2919325ed9266b29eb3b9e,84.76,True,2.3
854,5a2919325ed9266b29eb3b9f,93.24,True,-3.9
855,5a2919325ed9266b29eb3ba0,33.73,False,-10.0
856,5a2919325ed9266b29eb3ba1,94.25,True,2.9
857,5a2919325ed9266b29eb3ba2,17.07,False,3.5
858,5a2919325ed9266b29eb3ba3,61.01,False,-13.0
859,5a2919325ed9266b29eb3ba4,60.41,False,-9.9
860,5a2919325ed9266b29eb3ba5,88.73,True,-11.8
861,5a2919325ed9266b29eb3ba6,44.43,True,1.2
862,5a2919325ed9266b29eb3ba7,83.08,True,-6.3
863,5a2919325ed9266b29eb3ba8,2.23,False,-13.7
864,5a2919325ed9266b29eb3ba9,68.99,False,-20.0
865,5a2919325ed9266b29eb3baa,75.4,True,-3.2
866,5a2919325ed9266b29eb3bab,38.38,False,-18.6
867,5a2919325ed9266b29eb3bac,78.66,False,-11.7
868,5a2919325ed9266b29eb3bad,80.93,True,-17.2
869,5a2919325ed9266b29eb3bae,78.8,True,-2.3
870,5a2919325ed9266b29eb3baf,65.44,True,2.5
871,5a2919325ed9266b29eb3bb0,66.91,True,4.6
872,5a2919325ed9266b29eb3bb1,15.57,False,-11.4
873,5a2919325ed9266b29eb3bb2,84.87,True,-12.8
874,5a2919325ed9266b29eb3bb3,14.29,False,-9.5
875,5a2919325ed9266b29eb3bb4,78.44,False,-17.5
876,5a2919325ed9266b29eb3bb5,32.26,True,2.9
877,5a2919325ed9266b29eb3bb6,18.61,False,-2.1
878,5a2919325ed9266b29eb3bb7,73.81,True,1.8
879,5a2919325ed9266b29eb3bb8,56.15,False,-7.8
880,5a2919325ed9266b29eb3bb9,68.97,True,-1.7
881,5a2919325ed9266b29eb3bba,51.93,True,3.0
882,5a2919325ed9266b29eb3bbb,38.91,False,-15.0
883,5a2919325ed9266b29eb3bbc,51.37,False,-3.4
884,5a2919325ed9266b29eb3bbd,53.35,True,2.6
885,5a2919325ed9266b29eb3bbe,43.39,False,-9.1
886,5a2919325ed9266b29eb3bbf,2.2,False,-17.3
887,5a2919325ed9266b29eb3bc0,35.59,True,2.0
888,5a2919325ed9266b29eb3bc1,55.23,True,2.9
889,5a2919325ed9266b29eb3bc2,44.38,False,-0.1
890,5a2919325ed9266b29eb3bc3,63.55,True,1.0
891,5a2919325ed9266b29eb3bc4,58.88,False,-14.0
892,5a2919325ed9266b29eb3bc5,14.42,False,-10.4
893,5a2919325ed9266b29eb3bc6,45.13,False,-6.9
894,5a2919325ed9266b29eb3bc7,11.44,False,-4.0
895,5a2919325ed9266b29eb3bc8,45.58,False,-3.3
896,5a2919325ed9266b29eb3bc9,45.82,False,-4.2
897,5a2919325ed9266b29eb3bca,87.95,True,-4.8
898,5a2919325ed9266b29eb3bcb,71.66,False,-12.6
899,5a2919325ed9266b29eb3bcc,50.48,False,-7.4
900,5a2919325ed9266b29eb3bcd,29.93,False,-6.2
901,5a2919325ed9266b29eb3bce,75.4,True,4.2
902,5a2919325ed9266b29eb3bcf,55.58,False,-17.3
903,5a2919325ed9266b29eb3bd0,44.87,False,-4.8
904,5a2919325ed9266b29eb3bd1,85.43,True,-2.8
905,5a2919325ed9266b29eb3bd2,5.67,False,5.0
906,5a2919325ed9266b29eb3bd3,69.51,True,2.9
907,5a2919325ed9266b29eb3bd4,98.69,True,-5.7
908,5a2919325ed9266b29eb3bd5,1.58,False,1.1
909,5a2919325ed9266b29eb3bd6,2.52,False,-2.0
910,5a2919325ed9266b29eb3bd7,10.86,False,-7.1
911,5a2919325ed9266b29eb3bd8,30.06,False,-18.6
912,5a2919325ed9266b29eb3bd9,71.5,True,-2.1
913,5a2919325ed9266b29eb3bda,64.34,False,-8.6
914,5a2919325ed9266b29eb3bdb,70.58,True,-1.0
915,5a2919325ed9266b29eb3bdc,97.16,True,-11.1
916,5a2919325ed9266b29eb3bdd,20.58,False,-4.0
917,5a2919325ed9266b29eb3bde,31.73,True,4.0
918,5a2919325ed9266b29eb3bdf,88.03,True,0.1
919,5a2919325ed9266b29eb3be0,15.63,False,-6.4
920,5a2919325ed9266b29eb3be1,36.18,True,4.9
921,5a2919325ed9266b29eb3be2,38.5,True,4.2
922,5a2919325ed9266b29eb3be3,7.81,False,-19.0
923,5a2919325ed9266b29eb3be4,26.41,False,-1.2
924,5a2919325ed9266b29eb3be5,62.92,False,-7.1
925,5a2919325ed9266b29eb3be6,63.48,True,1.5
926,5a2919325ed9266b29eb3be7,86.47,True,-12.3
927,5a2919325ed9266b29eb3be8,83.04,True,-10.1
928,5a2919325ed9266b29eb3be9,42.17,False,-10.8
929,5a2919325ed9266b29eb3bea,80.99,True,-11.3
930,5a2919325ed9266b29eb3beb,98.03,True,-13.4
931,5a2919325ed9266b29eb3bec,17.38,False,-7.5
932,5a2919325ed9266b29eb3bed,10.86,False,2.4
933,5a2919325ed9266b29eb3bee,13.91,False,-1.2
934,5a2919325ed9266b29eb3bef,57.24,False,-5.1
935,5a2919325ed9266b29eb3bf0,97.3,True,-9.3
936,5a2919325ed9266b29eb3bf1,59.21,False,-11.3
937,5a2919325ed9266b29eb3bf2,72.8,False,-13.9
938,5a2919325ed9266b29eb3bf3,19.89,False,-6.9
939,5a2919325ed9266b29eb3bf4,9.61,False,-6.4
940,5a2919325ed9266b29eb3bf5,49.37,False,-4.1
941,5a2919325ed9266b29eb3bf6,83.17,True,-8.4
942,5a2919325ed9266b29eb3bf7,70.29,False,-16.2
943,5a2919325ed9266b29eb3bf8,56.51,False,-17.9
944,5a2919325ed9266b29eb3bf9,43.87,False,-19.0
945,5a2919325ed9266b29eb3bfa,68.56,False,-5.5
946,5a2919325ed9266b29eb3bfb,26.17,False,-2.8
947,5a2919325ed9266b29eb3bfc,85.95,True,-11.6
948,5a2919325ed9266b29eb3bfd,81.87,True,-13.1
949,5a2919325ed9266b29eb3bfe,26.81,False,2.9
950,5a2919325ed9266b29eb3bff,78.76,False,-13.5
951,5a2919325ed9266b29eb3c00,49.44,False,-3.4
952,5a2919325ed9266b29eb3c01,35.67,False,-12.5
953,5a2919325ed9266b29eb3c02,61.66,False,-16.2
954,5a2919325ed9266b29eb3c03,75.65,False,-16.0
955,5a2919325ed9266b29eb3c04,13.92,False,-9.8
956,5a2919325ed9266b29eb3c05,9.34,False,-1.8
957,5a2919325ed9266b29eb3c06,50.03,False,-5.5
958,5a2919325ed9266b29eb3c07,59.7,False,-15.2
959,5a2919325ed9266b29eb3c08,88.13,True,0.7
960,5a2919325ed9266b29eb3c09,31.99,True,2.5
961,5a2919325ed9266b29eb3c0a,30.29,False,-17.5
962,5a2919325ed9266b29eb3c0b,59.0,False,-14.3
963,5a2919325ed9266b29eb3c0c,18.59,False,-5.2
964,5a2919325ed9266b29eb3c0d,91.85,True,-4.7
965,5a2919325ed9266b29eb3c0e,98.39,True,-6.9
966,5a2919325ed9266b29eb3c0f,6.51,False,-3.1
967,5a2919325ed9266b29eb3c10,91.24,True,-13.2
968,5a2919325ed9266b29eb3c11,98.62,True,-2.2
969,5a2919325ed9266b29eb3c12,38.55,False,-16.8
970,5a2919325ed9266b29eb3c13,54.36,False,-19.1
971,5a2919325ed9266b29eb3c14,62.71,True,4.7
972,5a2919325ed9266b29eb3c15,70.81,True,4.1
973,5a2919325ed9266b29eb3c16,31.03,False,-6.9
974,5a2919325ed9266b29eb3c17,46.76,False,-8.4
975,5a2919325ed9266b29eb3c18,96.64,True,-8.7
976,5a2919325ed9266b29eb3c19,73.89,True,4.8
977,5a2919325ed9266b29eb3c1a,46.87,True,4.1
978,5a2919325ed9266b29eb3c1b,70.64,True,-3.5
979,5a2919325ed9266b29eb3c1c,38.86,False,-14.6
980,5a2919325ed9266b29eb3c1d,64.71,False,-13.0
981,5a2919325ed9266b29eb3c1e,11.23,False,0.7
982,5a2919325ed9266b29eb3c1f,81.05,True,-6.8
983,5a2919325ed9266b29eb3c20,7.27,False,-0.9
984,5a2919325ed9266b29eb3c21,65.9,False,-8.1
985,5a2919325ed9266b29eb3c22,72.84,True,3.2
986,5a2919325ed9266b29eb3c23,23.88,False,-12.4
987,5a2919325ed9266b29eb3c24,90.43,True,3.4
988,5a2919325ed9266b29eb3c25,35.17,True,2.0
989,5a2919325ed9266b29eb3c26,46.21,False,-19.9
990,5a2919325ed9266b29eb3c27,38.64,True,0.5
991,5a2919325ed9266b29eb3c28,76.2,True,3.8
992,5a2919325ed9266b29eb3c29,18.49,False,1.8
993,5a2919325ed9266b29eb3c2a,9.79,False,-8.4
994,5a2919325ed9266b29eb3c2b,41.68,False,-5.6
995,5a2919325ed9266b29eb3c2c,2.97,False,-17.7
996,5a2919325ed9266b29eb3c2d,9.75,False,-14.9
997,5a2919325ed9266b29eb3c2e,9.89,False,-15.6
998,5a2919325ed9266b29eb3c2f,23.54,False,4.7
999,5a2919325ed9266b29eb3c30,40.96,False,-7.4
